1	2
650299398807810048	789690426	Sat Oct 03 18:50:33 IST 2015	The Home Varsity Girls Soccer game is ON for today vs Masuk at 3:30 pm . Good Luck Girls !
650299703079366657	789690426	Sat Oct 03 18:51:45 IST 2015	The Home JV and Varsity Girls Field Hockey games are ON for today vs Immaculate at 2:00 pm and 3:30 pm . Good Luck Girls !
2	2
647382193048784896	789690426	Fri Sep 25 17:38:37 IST 2015	Good Luck to the JV and Varsity Field Hockey teams today in their Away games at Newtown at 5:15 pm and 7:00 pm . Bus leaves at 3:45 pm .
647382831317012480	789690426	Fri Sep 25 17:41:09 IST 2015	Good Luck to the JV and Varsity Girls Volleyball teams today in their Away games at Immaculate at 3:30 pm and 5:00 pm . Bus leaves at 2:30 pm .
3	3
641616145980723200	789690426	Wed Sep 09 19:46:24 IST 2015	Girls Volleyball All Levels will have practice tonight from 5:30 - 7:30 PM !
641621568448299008	547908062	Wed Sep 09 20:07:57 IST 2015	Only varsity
641646032292589568	789690426	Wed Sep 09 21:45:09 IST 2015	Sorry Abbie ! Just resent updated tweet for volleyball .
4	2
622097267898609664	401603713	Fri Jul 17 23:05:21 IST 2015	Hello New Milford . So happy to be here and can't wait to start meeting the students and staff of
622509304394878976	789690426	Sun Jul 19 02:22:38 IST 2015	welcome to New Milford Mr. Williams ! Looking forward to meeting you and working with you !
5	2
658482501912956928	1612069513	Mon Oct 26 08:47:17 IST 2015	What shall the admins do on Michael's birthday ?
658486282071490560	308987912	Mon Oct 26 09:02:18 IST 2015	sing him a happy birthday jet black heart or airplanes tune ?
6	2
658276210301104128	2687627611	Sun Oct 25 19:07:33 IST 2015	when youre with your squad and your shit comes on shuffle
658276868395634688	308987912	Sun Oct 25 19:10:10 IST 2015	from left to right : positive , comparative , superlative
7	4
657896487611858944	2475373939	Sat Oct 24 17:58:40 IST 2015	i love luke :-) but fuck why ar zay lea :-)
657896814880796672	308987912	Sat Oct 24 17:59:58 IST 2015	apparently , his standards are quite low omg sorry not sorry girl ?
657897458379259904	2475373939	Sat Oct 24 18:02:31 IST 2015	HAHA TANGINA TALAGA UGHHHHHHH
657897816698716160	308987912	Sat Oct 24 18:03:57 IST 2015	pls ask him why’d he choose trash hay
8	2
639491032762159104	3108404973	Thu Sep 03 23:01:58 IST 2015	First official poster for Texas Chainsaw Massacre prequel , Leatherface
639495073592397824	185766475	Thu Sep 03 23:18:01 IST 2015	well , the poster looks cool
9	2
634069428443983872	16661296	Wed Aug 19 23:58:26 IST 2015	It's crystal clear why we love this prefab shed :
634070555969363968	185766475	Thu Aug 20 00:02:55 IST 2015	Brilliant
10	6
657891988314783744	2475373939	Sat Oct 24 17:40:47 IST 2015	GRR :-) :-) :-)
657894352413323266	308987912	Sat Oct 24 17:50:11 IST 2015	tapos airplanes kasunod .. saya ?
657894492058443776	2475373939	Sat Oct 24 17:50:44 IST 2015	r u guys trying to kill us 5SOS
657894822536081408	308987912	Sat Oct 24 17:52:03 IST 2015	ayaw ba nila satin ? ?? eh how bout those fuckgirls
657895377614405635	2475373939	Sat Oct 24 17:54:15 IST 2015	hence the book , " why men love bitches " HA HA HA HA HUHUHUHU
657895871288246272	308987912	Sat Oct 24 17:56:13 IST 2015	i know why !!! those men are fuckboys lol
11	4
656913306322653184	1352288989	Thu Oct 22 00:51:51 IST 2015	Ok folks of #DevonHour - which device do you use for twitter ? Reply to this tweet with an answer ...
656913567782977536	2563038847	Thu Oct 22 00:52:54 IST 2015	- my phone
656914223533039618	3186976215	Thu Oct 22 00:55:30 IST 2015	Yesterday old Windows phone . Now laptop . Tomorrow new iPhone :-)
656915205016961024	1352288989	Thu Oct 22 00:59:24 IST 2015	making the mist of technology then :-) #DevonHour
12	6
656913306322653184	1352288989	Thu Oct 22 00:51:51 IST 2015	Ok folks of #DevonHour - which device do you use for twitter ? Reply to this tweet with an answer ...
656913403982778368	1089081204	Thu Oct 22 00:52:15 IST 2015	Has to be my computer . : -0 #DevonHour
656914015369732096	300326183	Thu Oct 22 00:54:40 IST 2015	My iPhone
656915026939392000	1352288989	Thu Oct 22 00:58:41 IST 2015	do it find it difficult to keep up on a busy #DevonHour ? My iphone is freezing up tonight :-(
656920458055524352	300326183	Thu Oct 22 01:20:16 IST 2015	My Wi-Fi is playing up as well this evening technology eh ?!
656921235394330624	1352288989	Thu Oct 22 01:23:22 IST 2015	It is a real pain . My keyboard keeps freezing so have to wait for it to catch up ?
13	3
656913306322653184	1352288989	Thu Oct 22 00:51:51 IST 2015	Ok folks of #DevonHour - which device do you use for twitter ? Reply to this tweet with an answer ...
656917134078025728	1536378960	Thu Oct 22 01:07:04 IST 2015	My lovely Mac . ^_^ #devonhour
656918897904500737	1352288989	Thu Oct 22 01:14:04 IST 2015	its funny how all mac owners express their love for their mac ( including me ) ?
14	3
656909843953881089	2900790797	Thu Oct 22 00:38:06 IST 2015	Hi #DevonHour have you heard about our Old Barn #Wedding venue ? Check it out here :
656910502157795328	2563038847	Thu Oct 22 00:40:43 IST 2015	have you heard about my client ? Cracking wedding photographer ...
656910853657202688	2900790797	Thu Oct 22 00:42:06 IST 2015	Thanks for letting us know ! #devonhour
15	3
656909843953881089	2900790797	Thu Oct 22 00:38:06 IST 2015	Hi #DevonHour have you heard about our Old Barn #Wedding venue ? Check it out here :
656911804388524033	1905269400	Thu Oct 22 00:45:53 IST 2015	looks a lovely venue for a #party ! #devonhour
656912304110440448	2900790797	Thu Oct 22 00:47:52 IST 2015	Thank you ! It is .
16	7
656909843953881089	2900790797	Thu Oct 22 00:38:06 IST 2015	Hi #DevonHour have you heard about our Old Barn #Wedding venue ? Check it out here :
656910162985398272	32530890	Thu Oct 22 00:39:22 IST 2015	What a stunning venue !
656910333634809856	2900790797	Thu Oct 22 00:40:02 IST 2015	Thank you ! :-) Are you looking for one by any chance ?
656910668885544960	32530890	Thu Oct 22 00:41:22 IST 2015	I wish ! If I was engaged this would be my ideal venue ! I am a wedding photographer though :-)
656911049589936128	2900790797	Thu Oct 22 00:42:53 IST 2015	Great ! Always good to connect then ! :-)
656911405812219904	32530890	Thu Oct 22 00:44:18 IST 2015	Absolutely ! I'm based up in Norfolk , but looking to do more down South West as would love to move that way !
656911648637235201	2900790797	Thu Oct 22 00:45:16 IST 2015	Who knows , maybe we'll cross paths in the future ? :-)
17	3
656909843953881089	2900790797	Thu Oct 22 00:38:06 IST 2015	Hi #DevonHour have you heard about our Old Barn #Wedding venue ? Check it out here :
656910164247842816	3522450628	Thu Oct 22 00:39:22 IST 2015	#devonhour Looks beautiful ! I'm already married , but maybe next time ...
656910628251181056	2900790797	Thu Oct 22 00:41:13 IST 2015	Of course we would be happy to help ! :-) #devonhour
18	2
636440256942878720	136246269	Wed Aug 26 12:59:16 IST 2015	Onderzoek effect op Kan dit ook doen bij BE webwinkels ? cc
636459402782994432	72556136	Wed Aug 26 14:15:21 IST 2015	We will look into it !
19	2
654739524283576320	2563038847	Fri Oct 16 00:54:01 IST 2015	Evening all at #southwesthour , I'm looking to connect with owners of ambitious businesses ? Anyone out there fit that description ? : )
654740297335762945	2563038847	Fri Oct 16 00:57:06 IST 2015	Evening #exeterhour , I'm looking to connect with owners of ambitious businesses ? Do you fit that description ? : )
20	2
654018934363041793	2563038847	Wed Oct 14 01:10:39 IST 2015	If you want to check how good your website is put your url into - that'll show what you need to do #plymouthhour
654019371162054657	2563038847	Wed Oct 14 01:12:23 IST 2015	If you want to check how good your website is put your url into - that'll show what you need to do #dartmoorhour
21	2
654015507138523136	2563038847	Wed Oct 14 00:57:02 IST 2015	If you own a business , please watch my 1 min video on my website & let me know what you think ? #plymouthhour
654016038108065792	2563038847	Wed Oct 14 00:59:09 IST 2015	If you own a business , please watch my 1 min video on my website & let me know what you think ? #dartmoorhour
22	10
657810017039486976	1134227538	Sat Oct 24 12:15:04 IST 2015	Hanggang anong oras kaya ? #ALDubEBTamangPanahon
657810271080071168	308987912	Sat Oct 24 12:16:04 IST 2015	pag oras mo na , so you’ll die happy
657810776300785666	1134227538	Sat Oct 24 12:18:05 IST 2015	that moment na nagvibrate yung phone ko . Then your words pop on the upper part of my screen .. I know that it's a full of shit
657811276920307712	308987912	Sat Oct 24 12:20:04 IST 2015	you too . : -- ) welcome
657811419581181952	1134227538	Sat Oct 24 12:20:38 IST 2015	haha miss me , ain't you ?
657811599994949632	308987912	Sat Oct 24 12:21:21 IST 2015	nopeeeeeeee , but i know you did
657811729829617664	1134227538	Sat Oct 24 12:21:52 IST 2015	lol may pasok sa Nov 2
657811854022983681	308987912	Sat Oct 24 12:22:22 IST 2015	ge pasok ka
657812017227497472	1134227538	Sat Oct 24 12:23:01 IST 2015	sabi sa balita Hindi daw holiday ang Souls Day
657812287655284736	308987912	Sat Oct 24 12:24:05 IST 2015	ok idc im not going to school
23	4
649669147471818752	2891284109	Fri Oct 02 01:06:09 IST 2015	A big hello to everyone ! #SomersetHour I make hand poured luxury soaps and am just about to launch them . Hope you are having a good week .
649670446699384832	2563038847	Fri Oct 02 01:11:19 IST 2015	sounds good ! Need any help with marketing ? : )
649670835549118465	2891284109	Fri Oct 02 01:12:52 IST 2015	Not at the moment but I may in the future . Taking tiny steps and easing into it initially . Great to meet you .
649672692128444416	2563038847	Fri Oct 02 01:20:14 IST 2015	No worries ! Best of luck I shall follow you progress with interest ! ?
24	2
630830951946432512	35818435	Tue Aug 11 01:29:53 IST 2015	Good night #TorbayHour it's been fun as always ! Remember if you have any commercial photography needs take a look at
630831694795436032	2563038847	Tue Aug 11 01:32:50 IST 2015	great tweeting Will , BTW it was me doing the dog show stuff . Not really an earner but you could get some good exposure !
25	2
656138656487514112	1057314966	Mon Oct 19 21:33:40 IST 2015	New #lufc Head Coach Steve Evans takes training this morning .
656162845818769412	2315036919	Mon Oct 19 23:09:48 IST 2015	wonder if do made to measure tracksuits ?
26	2
647497180043943937	2399687505	Sat Sep 26 01:15:32 IST 2015	" Labour will match the tories and live within our means " ? Why doesn't John McDonnell just GO AND JOIN THE TORIES ?
647500423763505152	2315036919	Sat Sep 26 01:28:25 IST 2015	Live within our means ??? Balancing the books is only for Neo Liberal sellouts .
27	2
645002159403192321	2347762888	Sat Sep 19 04:01:13 IST 2015	Saudis bombing parts of Yemen into rubble and the west remains silent !! Your silence makes you just as guilty ! #Yemen #Sanaa
645128261475954688	2315036919	Sat Sep 19 12:22:18 IST 2015	Yes , the West's silence make them morally backrupt murderers . The rest of the world's slience on Yemen is okay .
28	2
644269863347847168	431969214	Thu Sep 17 03:31:20 IST 2015	Iceland's capital Reykjavik votes to boycott all products from #Israel . But not Saudi , China , or Russia . Hypocrites .
644395742510104576	2315036919	Thu Sep 17 11:51:31 IST 2015	better throw out evil Zionist life-saving medical equipment & medicines . In the family of nations , put Israel in the ghetto .
29	2
643179874736304132	20970341	Mon Sep 14 03:20:06 IST 2015	Just to repeat : it was the Corbyn camp who described the position as ' Minister for Jews ' . They actually thought it would be welcomed .
643181532178436096	2315036919	Mon Sep 14 03:26:41 IST 2015	Not forgetting that there's a minister for Jews in the Iranian parliament too .
30	5
643179874736304132	20970341	Mon Sep 14 03:20:06 IST 2015	Just to repeat : it was the Corbyn camp who described the position as ' Minister for Jews ' . They actually thought it would be welcomed .
643183286030888963	80395276	Mon Sep 14 03:33:39 IST 2015	15 years go -- just before I interviewed you , Johnny Freedland , et al -- CHitchens told me , the English left is anti-semitic
643183625949827072	20970341	Mon Sep 14 03:35:00 IST 2015	Hi there . He had a point ...
643184073805025280	80395276	Mon Sep 14 03:36:47 IST 2015	he cited Marxist arguments , Jews as money-grubbers . Roth's " Counterpoint " worth rereading .
643184441628717056	20970341	Mon Sep 14 03:38:15 IST 2015	Genuinely don't think Corbyn is . I just think he doesn't understand antisemitism and doesn't think it's a real concern
31	3
643179874736304132	20970341	Mon Sep 14 03:20:06 IST 2015	Just to repeat : it was the Corbyn camp who described the position as ' Minister for Jews ' . They actually thought it would be welcomed .
643180697528737792	45715838	Mon Sep 14 03:23:22 IST 2015	Corbyn camp ? Hmmm . A wee bit tenuous for such a bold headlined claim
643180919969460224	20970341	Mon Sep 14 03:24:15 IST 2015	You name your sources ?
32	2
642819172146262017	18743393	Sun Sep 13 03:26:48 IST 2015	10 O'Clock news mentioned Bayern Munich's show of solidarity with local refugees . Yet despite showing footage MOTD overlooked Everton's
642831823689646081	2315036919	Sun Sep 13 04:17:04 IST 2015	to be fair , Munich are receiving 1000s of refugees tonight . Liverpool isn't .
33	2
642809479097094144	431969214	Sun Sep 13 02:48:17 IST 2015	#Munich's mayor criticises lack of support re #refugees from Berlin , federal states , EU : " It was supposed to be one time event . It wasn't . "
642819154676948992	2315036919	Sun Sep 13 03:26:44 IST 2015	the German welcome to refugees has been made clear to those stranded in Turkey and Lebanon . They'll need to prepare for more
34	3
642738483526807552	544397215	Sat Sep 12 22:06:10 IST 2015	Remember most people have not watched today . They will take a brief look at politics soon and say " Labour has done WHAT ? "
642776519195127809	19644592	Sun Sep 13 00:37:19 IST 2015	tell me about it . I was in Burnley all day . Labour heartland . Didn't hear one positive view I'm afraid
642783206874476545	2315036919	Sun Sep 13 01:03:53 IST 2015	More likely to see Corbyn on Russia Today or Iran's Press TV than in the Northern heartlands .
35	2
642681150490738688	23052167	Sat Sep 12 18:18:21 IST 2015	Perhaps it is odd that we are so shocked that a party of the Left chooses a left-wing leader ? #Corbyn
642701382601076736	2315036919	Sat Sep 12 19:38:45 IST 2015	a left wing leader who is quite accommodating of the theocratic far-right . Not for me thanks .
36	2
657799267621449728	403246803	Sat Oct 24 11:32:21 IST 2015	Dear Maria count me in motherfuckers
657799396516491265	308987912	Sat Oct 24 11:32:52 IST 2015	this is the best ever
37	2
657799267621449728	403246803	Sat Oct 24 11:32:21 IST 2015	Dear Maria count me in motherfuckers
657953292857810944	1167170708	Sat Oct 24 21:44:23 IST 2015	HEEEEY DONT SWEAR
38	2
657799267621449728	403246803	Sat Oct 24 11:32:21 IST 2015	Dear Maria count me in motherfuckers
657918941000519680	1798817130	Sat Oct 24 19:27:53 IST 2015	FUCK YEAH
39	2
657799267621449728	403246803	Sat Oct 24 11:32:21 IST 2015	Dear Maria count me in motherfuckers
657801872711905280	2214453947	Sat Oct 24 11:42:42 IST 2015	FAVORITES
40	2
657799267621449728	403246803	Sat Oct 24 11:32:21 IST 2015	Dear Maria count me in motherfuckers
657800539938275328	215114889	Sat Oct 24 11:37:24 IST 2015	you wrote a song about my life in a Broken Home?
41	2
657799267621449728	403246803	Sat Oct 24 11:32:21 IST 2015	Dear Maria count me in motherfuckers
657901023864954880	472896043	Sat Oct 24 18:16:41 IST 2015	lol I'm not crying
42	2
634408032043204608	157760297	Thu Aug 20 22:23:56 IST 2015	Labour is transforming itself utterly , in a way of deep concern to British Jews : my column on Corbyn .
634417354366185472	2315036919	Thu Aug 20 23:00:58 IST 2015	Part of me hopes Corbyn wins . His views will be scrutinised and this brand of left-wing apologia of theocratic facism exposed .
43	2
657798151697395712	308987912	Sat Oct 24 11:27:55 IST 2015	“ Maine , God gave me you . ” fUCK THIS SHUT IM OUT
657798400662892544	308987912	Sat Oct 24 11:28:54 IST 2015	* shit
44	2
657786318949216256	3146762390	Sat Oct 24 10:40:54 IST 2015	WAIT WHWJEH FUCK THIS ONE IS WORST FUCK THIS SHIT IM OUT GTG SEE YOU ALL IN HELL ??????
657789301510410240	308987912	Sat Oct 24 10:52:45 IST 2015	fuck off ?
45	3
657554432834473985	308987912	Fri Oct 23 19:19:28 IST 2015	I WANT TO BREATHE YOU IN LIKE YOU’RE VAPOR
657554600606588930	308987912	Fri Oct 23 19:20:08 IST 2015	I WANT TO BE THE ONE YOU REMEMBER
657554809864646656	308987912	Fri Oct 23 19:20:58 IST 2015	I WANT TO FEEL YOUR LOVE LIKE THE WEATHER ALL OVER ME
46	2
656571930271723521	365953260	Wed Oct 21 02:15:21 IST 2015	Bellerin > Usain Bolt
656574010696687616	3190223239	Wed Oct 21 02:23:37 IST 2015	Bellerin is way faster than that
47	2
655654565950283777	1614458948	Sun Oct 18 13:30:04 IST 2015	I hate history and forever will
655661056400863232	3190223239	Sun Oct 18 13:55:52 IST 2015	hahahahhaha well i like it bcs it gives me the time to sleep ????
48	2
657405827297312768	308987912	Fri Oct 23 09:28:57 IST 2015	I DONT WANNA SAY GOODBYE TO ANOTHER NIGHT AND WATCH YOU WALK AWAY ?
657540211639881728	308987912	Fri Oct 23 18:22:57 IST 2015	I DONT WANNA LET IT BURN IN THE CITY LIGHTS AND MAKE THE SAME MISTAKES ~
49	2
653875330730463232	999639157	Tue Oct 13 15:40:01 IST 2015	do you ever wonder
654976932866473984	3190223239	Fri Oct 16 16:37:24 IST 2015	probably none ??
50	3
642811406476140544	1351661539	Sun Sep 13 02:55:56 IST 2015	
645579132693147648	3308891982	Sun Sep 20 18:13:54 IST 2015	aaaand this is suppose to mean ... uhm what exactly ?
645582771751026689	3190223239	Sun Sep 20 18:28:21 IST 2015	it basically means that 1.01 is powered (^) by 365 , and the same goes to 0.99
51	3
657523601529139205	308987912	Fri Oct 23 17:16:57 IST 2015	i live for Australian and British accents
657524012554174464	2910915931	Fri Oct 23 17:18:35 IST 2015	pwede na ba pinoy accent ko joyce ?
657524633806049280	308987912	Fri Oct 23 17:21:03 IST 2015	nope , so normal LOL unless u can make weird noise
52	2
643121954879205377	286742737	Sun Sep 13 23:29:57 IST 2015	
645012836364587008	3190223239	Sat Sep 19 04:43:38 IST 2015	even dogs are more compassionate than humans
53	2
657463038623125504	308987912	Fri Oct 23 13:16:18 IST 2015	5sos is revealing their true identity and leaving their mark everywhere fuckers #SoundsGoodFeelsGood
657463625133592577	308987912	Fri Oct 23 13:18:37 IST 2015	hence the awesome second album #SoundsGoodFeelsGood
54	3
641219949726466049	365953260	Tue Sep 08 17:32:03 IST 2015	This .
641220227032739840	2354877553	Tue Sep 08 17:33:10 IST 2015	i admire ronaldhinio . kaka was just an ordinary striker .
641223828031434752	3190223239	Tue Sep 08 17:47:28 IST 2015	ordinary striker ? Try putting urself in his shoes ??
55	2
627828486992871424	985172054	Sun Aug 02 18:39:10 IST 2015	Chelsea vs Arsenal starting XIs
628202133184065536	3190223239	Mon Aug 03 19:23:54 IST 2015	but still they lost
56	2
658689577109037057	16727022	Mon Oct 26 22:30:07 IST 2015	#ICYMI : at #SonosStudio today on
659132850105622528	1593224094	Wed Oct 28 03:51:32 IST 2015	thanks for sharing Sonos , have a great Tuesday :) ( insight by )
57	2
657427920613457920	103467620	Fri Oct 23 10:56:45 IST 2015	new music recommendation for folks with eclectic tastes , all heart
657728792622952448	1593224094	Sat Oct 24 06:52:18 IST 2015	thanks for sharing Watsky , have a great Friday :) ( insight by )
58	2
656837742849052672	1770311	Wed Oct 21 19:51:36 IST 2015	El sonido y la música de Regreso al futuro , remezclados por Eclectic Method #m úsica
657341135371792384	1593224094	Fri Oct 23 05:11:54 IST 2015	thanks for sharing Microsiervos , have a great Thursday :) ( insight by )
59	2
655973872324378624	95796535	Mon Oct 19 10:38:53 IST 2015	Show 225- listen now ! #blues #newmusic #americana #Streaming always #eclectic shows 24/7 !
656982585327906816	1593224094	Thu Oct 22 05:27:09 IST 2015	thanks for sharing Paul Tessier , have a great Wednesday :) ( insight by )
60	16
657438591035949057	433170382	Fri Oct 23 11:39:09 IST 2015	i need money rn :(
657442800460435456	308987912	Fri Oct 23 11:55:52 IST 2015	same babe , same
657443083911434240	433170382	Fri Oct 23 11:57:00 IST 2015	iyak nalang tayo . jk
657443255185870848	308987912	Fri Oct 23 11:57:41 IST 2015	?????? i need to go to my babies ’ concert :
657443675614507008	433170382	Fri Oct 23 11:59:21 IST 2015	tara na't magnetworking AHAHAHA deperada gaming
657444380219805696	308987912	Fri Oct 23 12:02:09 IST 2015	mabilis ba talaga don , like in one week magkano ? ?? money game stron
657445110917951488	433170382	Fri Oct 23 12:05:03 IST 2015	idk , depende sa sasalihan mo AHAHAHA magbenta ka na ng katawan mas instant pala yon :(
657445242782683136	308987912	Fri Oct 23 12:05:35 IST 2015	ikaw na lang , ikaw naman nakaisip eh . :-)
657445819004485632	433170382	Fri Oct 23 12:07:52 IST 2015	weh , baka mabalitaan ko nalang nasa may singer ka gabing gabi na tas ano HAHAHAHA
657446085766475776	308987912	Fri Oct 23 12:08:56 IST 2015	utut mu HAHAH gawain mo yun eh
657446740321112064	433170382	Fri Oct 23 12:11:32 IST 2015	urur , AHAHAHAHAHAH sige ka , baka di mo na makita ang babies mo #teambahay #goodbye5sos #pakamataynajoyce HAHAHAHAHA
657446904691712000	308987912	Fri Oct 23 12:12:11 IST 2015	marami pang ibang paraan f u : ----- (((((
657454172074184704	433170382	Fri Oct 23 12:41:04 IST 2015	anong paraan ? :((
657454275660910592	308987912	Fri Oct 23 12:41:28 IST 2015	idk : --- ( huhu me is broke
657455045147885568	433170382	Fri Oct 23 12:44:32 IST 2015	umasa ka na hindi masold out agad ang tix or malay mo swertehin ka sa mga promo sa ig or twitter ,
657455154904498176	308987912	Fri Oct 23 12:44:58 IST 2015	eh pucha i want soundcheck ?
61	2
656568641060798464	106930216	Wed Oct 21 02:02:17 IST 2015	Tuesday is the new #happyhour . Why ? Because It’s ALL DAY
656579919833636865	1593224094	Wed Oct 21 02:47:06 IST 2015	thanks for sharing NoHo Arts District , have a great Tuesday :) ( insight by )
62	2
537946482364514304	825934369	Thu Nov 27 18:00:10 IST 2014	When a male penguin falls in love with a female penguin , he searches the entire beach to find the perfect Pebble to present to her .
657454726041092096	308987912	Fri Oct 23 12:43:16 IST 2015	this could be us but you’re not a penguin anymore my life is already over
63	2
655700006754787330	592082884	Sun Oct 18 16:30:38 IST 2015	REPLAY #NUGROOVIN EPISODE 151 #eclectic #soulful #funky #jazzy #soulfulhouse in the mix with me DJ Gloss
655786811680301057	1593224094	Sun Oct 18 22:15:34 IST 2015	thanks for sharing DJ Gloss ( UK ) , have a great Sunday :) ( insight by )
64	3
655583738278072320	1593224094	Sun Oct 18 08:48:38 IST 2015	Thanks to my top interactors ! #tweetjukebox via
655652950245834752	2581108396	Sun Oct 18 13:23:39 IST 2015	backatcha with Hugs???? ? ?
655763044023316481	1593224094	Sun Oct 18 20:41:07 IST 2015	. ~ ??Happy Weekend , Brother??????
65	2
654939550578511872	309008798	Fri Oct 16 14:08:51 IST 2015	Happy birthday to Mthatha Bucks FC chairman Simthembile Ntlantsana . Have a blessed one sir .
655143069327691776	1593224094	Sat Oct 17 03:37:34 IST 2015	thanks for sharing Eclectic_Sports , have a great Friday :) ( insight by )
66	2
655306877622984704	621203245	Sat Oct 17 14:28:29 IST 2015	how did me and luc walk to piddinghoe last night at 4am
655439368266588160	99524352	Sat Oct 17 23:14:57 IST 2015	how did you do that ????!!!
67	3
650796716250243072	99524352	Mon Oct 05 03:46:43 IST 2015	first night not drinking since last Sunday
650797380980224000	419092045	Mon Oct 05 03:49:21 IST 2015	Proud ! ????
650797511590998016	99524352	Mon Oct 05 03:49:52 IST 2015	no idea how I have survived this week
68	2
644852633090568192	419092045	Fri Sep 18 18:07:03 IST 2015	So sad that is leaving me today ??
645181363407220736	99524352	Sat Sep 19 15:53:18 IST 2015	want to be back already !!! ???
69	3
621736093529079808	26701646	Thu Jul 16 23:10:10 IST 2015	So my instagram is not working , am I the only one having issues or is this a general ig crisis ? ???
621737010181578752	423913488	Thu Jul 16 23:13:49 IST 2015	?????? I thought My shit got dele
621738090328158208	26701646	Thu Jul 16 23:18:06 IST 2015	Me too , i'm like damn guess all that posting finally got me hacked or deleted . ?????? glad to be back in twitter thoug
70	2
657453381766672384	308987912	Fri Oct 23 12:37:55 IST 2015	listening to Perfect on the radio
657453654530592768	308987912	Fri Oct 23 12:39:00 IST 2015	tbh i cant imagine 5sos being compared to 1D . lol
71	2
657415367724171264	403255314	Fri Oct 23 10:06:52 IST 2015	This album is for you ! Hope you love it as much as I do . ? ?
657416511854776321	308987912	Fri Oct 23 10:11:25 IST 2015	haha i found the right band ha ha ur songs literally are the best – music , meaning and all
72	2
657415367724171264	403255314	Fri Oct 23 10:06:52 IST 2015	This album is for you ! Hope you love it as much as I do . ? ?
657415445641826304	3306267401	Fri Oct 23 10:07:11 IST 2015	SO PROUD ? ?
73	2
657415367724171264	403255314	Fri Oct 23 10:06:52 IST 2015	This album is for you ! Hope you love it as much as I do . ? ?
657415443192246272	314445445	Fri Oct 23 10:07:10 IST 2015	soooo fucking good
74	2
657415367724171264	403255314	Fri Oct 23 10:06:52 IST 2015	This album is for you ! Hope you love it as much as I do . ? ?
657415592933134337	565597694	Fri Oct 23 10:07:46 IST 2015	absolutely ! It's so so amazing
75	2
657415367724171264	403255314	Fri Oct 23 10:06:52 IST 2015	This album is for you ! Hope you love it as much as I do . ? ?
657415457713094656	2411760206	Fri Oct 23 10:07:13 IST 2015	yes yes yes
76	2
657415367724171264	403255314	Fri Oct 23 10:06:52 IST 2015	This album is for you ! Hope you love it as much as I do . ? ?
657631420140158976	593789551	Sat Oct 24 00:25:23 IST 2015	I do babe ?
77	2
657415367724171264	403255314	Fri Oct 23 10:06:52 IST 2015	This album is for you ! Hope you love it as much as I do . ? ?
657415806217801728	631466153	Fri Oct 23 10:08:37 IST 2015	love u
78	2
657415367724171264	403255314	Fri Oct 23 10:06:52 IST 2015	This album is for you ! Hope you love it as much as I do . ? ?
657418220140294144	1223556344	Fri Oct 23 10:18:12 IST 2015	one more thing before I fall back to dream land with #SoundsGoodFeelsGood can you follow
79	2
657415367724171264	403255314	Fri Oct 23 10:06:52 IST 2015	This album is for you ! Hope you love it as much as I do . ? ?
657415580845117440	1223556344	Fri Oct 23 10:07:43 IST 2015	so in love with it ! Such a great getaway and vibe of great music ?
80	2
657415367724171264	403255314	Fri Oct 23 10:06:52 IST 2015	This album is for you ! Hope you love it as much as I do . ? ?
657444747792011264	1917235584	Fri Oct 23 12:03:37 IST 2015	we do
81	2
657415367724171264	403255314	Fri Oct 23 10:06:52 IST 2015	This album is for you ! Hope you love it as much as I do . ? ?
657415570665664512	87603056	Fri Oct 23 10:07:40 IST 2015	babe you guys absolutely nailed it !! i've got it on repeat ! can't wait for #SoundsLiveFeelsLive next year !! <3
82	2
657415367724171264	403255314	Fri Oct 23 10:06:52 IST 2015	This album is for you ! Hope you love it as much as I do . ? ?
657430189824061441	3123890803	Fri Oct 23 11:05:46 IST 2015	ITS SO GOODNOMGG
83	2
657415367724171264	403255314	Fri Oct 23 10:06:52 IST 2015	This album is for you ! Hope you love it as much as I do . ? ?
657422677716529152	3225638070	Fri Oct 23 10:35:55 IST 2015	obviusly .
84	2
657415367724171264	403255314	Fri Oct 23 10:06:52 IST 2015	This album is for you ! Hope you love it as much as I do . ? ?
657415439140581376	3045292088	Fri Oct 23 10:07:09 IST 2015	I probably do more than you
85	2
657415367724171264	403255314	Fri Oct 23 10:06:52 IST 2015	This album is for you ! Hope you love it as much as I do . ? ?
657415712672092160	2315467428	Fri Oct 23 10:08:14 IST 2015	i love this album as much as i love you
86	2
657415367724171264	403255314	Fri Oct 23 10:06:52 IST 2015	This album is for you ! Hope you love it as much as I do . ? ?
657516036657434624	2912513097	Fri Oct 23 16:46:53 IST 2015	i cant listen to all songs yet , but the album is now finished on itunes and i wilö listen to them NOW ?
87	2
657415367724171264	403255314	Fri Oct 23 10:06:52 IST 2015	This album is for you ! Hope you love it as much as I do . ? ?
657425207490031616	2214453947	Fri Oct 23 10:45:58 IST 2015	Calum I don't even know what to say this album is truly truly incredible and it means so much to me thank you thank you
88	2
657415367724171264	403255314	Fri Oct 23 10:06:52 IST 2015	This album is for you ! Hope you love it as much as I do . ? ?
657415785699266560	2541473644	Fri Oct 23 10:08:32 IST 2015	I love it , you vocals in Invisible are amazing . Proud of you lads .
89	2
657415367724171264	403255314	Fri Oct 23 10:06:52 IST 2015	This album is for you ! Hope you love it as much as I do . ? ?
657444308115705857	609428321	Fri Oct 23 12:01:52 IST 2015	IM LISTENING TO IT NOW AHH ITS SO GOOD SO PROUD OF YOU BOYS THANK YOU SO MUCH ? ? ? ? ? ?
90	2
657415367724171264	403255314	Fri Oct 23 10:06:52 IST 2015	This album is for you ! Hope you love it as much as I do . ? ?
657428747386277889	3226086544	Fri Oct 23 01:30:02 IST 2015	YOU DID IT AGAIN THIS ALBUM IS FUCKING AWESOME i love it & i love you
91	2
657415367724171264	403255314	Fri Oct 23 10:06:52 IST 2015	This album is for you ! Hope you love it as much as I do . ? ?
657415564793683969	177182676	Fri Oct 23 00:37:39 IST 2015	I LOVE IT
92	2
657415367724171264	403255314	Fri Oct 23 10:06:52 IST 2015	This album is for you ! Hope you love it as much as I do . ? ?
657415470975348736	1592259632	Fri Oct 23 00:37:17 IST 2015	trust me , I do ? ?
93	2
657415367724171264	403255314	Fri Oct 23 10:06:52 IST 2015	This album is for you ! Hope you love it as much as I do . ? ?
657415519239315456	168825932	Fri Oct 23 00:37:28 IST 2015	it is so incredible , I love it so much ??
94	2
657415367724171264	403255314	Fri Oct 23 10:06:52 IST 2015	This album is for you ! Hope you love it as much as I do . ? ?
657415715645968384	2419357013	Fri Oct 23 10:08:15 IST 2015	i will ?
95	2
657415367724171264	403255314	Fri Oct 23 10:06:52 IST 2015	This album is for you ! Hope you love it as much as I do . ? ?
657415656363569152	98935459	Fri Oct 23 00:38:01 IST 2015	This album is amazing . I'm so damn proud of you guys . ? ?
96	2
657415367724171264	403255314	Fri Oct 23 10:06:52 IST 2015	This album is for you ! Hope you love it as much as I do . ? ?
657415826631499776	2687627611	Fri Oct 23 00:38:41 IST 2015	so in love with album , had it on replay the whole night , even when i was sleeping , this album is bomb af , good job guys , so proud
97	2
657415367724171264	403255314	Fri Oct 23 10:06:52 IST 2015	This album is for you ! Hope you love it as much as I do . ? ?
657420415967625216	711838098	Fri Oct 23 10:26:56 IST 2015	thanks for putting your hard work into this album . I love it so much
98	2
657415367724171264	403255314	Fri Oct 23 10:06:52 IST 2015	This album is for you ! Hope you love it as much as I do . ? ?
657415577737297920	2161474864	Fri Oct 23 00:37:42 IST 2015	IM ONLY HALF WAY THROUGH IT AND I LOVE IT SO MUCH ITS GIVING ME CHILLS I LOVE YOU GUYS SO MUCH ? ? ? ? ? ?
99	2
657415367724171264	403255314	Fri Oct 23 10:06:52 IST 2015	This album is for you ! Hope you love it as much as I do . ? ?
657546348489789440	2980613458	Fri Oct 23 18:47:20 IST 2015	its beautiful
100	2
657415367724171264	403255314	Fri Oct 23 10:06:52 IST 2015	This album is for you ! Hope you love it as much as I do . ? ?
657415435219042304	2889165253	Fri Oct 23 10:07:08 IST 2015	ITS AMAZING I LOVE IT SO MUCH
101	2
657415367724171264	403255314	Fri Oct 23 10:06:52 IST 2015	This album is for you ! Hope you love it as much as I do . ? ?
657416207927267328	200469585	Fri Oct 23 10:10:12 IST 2015	FUCK ME Up #SoundGoodFeelsGood
102	2
657415367724171264	403255314	Fri Oct 23 10:06:52 IST 2015	This album is for you ! Hope you love it as much as I do . ? ?
657420270169231361	2454508777	Fri Oct 23 00:56:21 IST 2015	Im crying my eyes out its so good ??
103	3
657415367724171264	403255314	Fri Oct 23 10:06:52 IST 2015	This album is for you ! Hope you love it as much as I do . ? ?
657415406865502208	2732967054	Fri Oct 23 10:07:01 IST 2015	broken home ruined me
657415483793240064	2274168797	Fri Oct 23 10:07:20 IST 2015	ME AF
104	2
657415367724171264	403255314	Fri Oct 23 10:06:52 IST 2015	This album is for you ! Hope you love it as much as I do . ? ?
657415434900250625	2274168797	Fri Oct 23 10:07:08 IST 2015	WHY U GOTTA DISRESPECT ME IN INVISIBLE THO
105	2
657415367724171264	403255314	Fri Oct 23 10:06:52 IST 2015	This album is for you ! Hope you love it as much as I do . ? ?
657416294891978752	2839347036	Fri Oct 23 10:10:33 IST 2015	IT SNATCHED ALL THE HAIR FOLLICLES OUT MY HEAD
106	2
657415367724171264	403255314	Fri Oct 23 10:06:52 IST 2015	This album is for you ! Hope you love it as much as I do . ? ?
657511329519955968	2778246438	Fri Oct 23 16:28:11 IST 2015	I love it more than I've ever loved anything in the world . I can't thank you boys enough , honestly .
107	2
657415367724171264	403255314	Fri Oct 23 10:06:52 IST 2015	This album is for you ! Hope you love it as much as I do . ? ?
657415608695324672	1173480895	Fri Oct 23 10:07:49 IST 2015	I LOVE YOU SO MUCH I JUST LISTENED TO BROKEN HOME AND YOU MADE ME CRY GREAT JOB !!!!!!!!!
108	2
657415367724171264	403255314	Fri Oct 23 10:06:52 IST 2015	This album is for you ! Hope you love it as much as I do . ? ?
657420134533828608	2883428010	Fri Oct 23 00:55:49 IST 2015	this was when i got #SoundGoodFeelsGood
109	2
657415367724171264	403255314	Fri Oct 23 10:06:52 IST 2015	This album is for you ! Hope you love it as much as I do . ? ?
657452047130726400	2427997882	Fri Oct 23 12:32:37 IST 2015	jeez Louise I'm overwhelmed
110	2
657415367724171264	403255314	Fri Oct 23 10:06:52 IST 2015	This album is for you ! Hope you love it as much as I do . ? ?
657452008241274880	2427997882	Fri Oct 23 12:32:28 IST 2015	and i got tickets for next tour
111	2
657415367724171264	403255314	Fri Oct 23 10:06:52 IST 2015	This album is for you ! Hope you love it as much as I do . ? ?
657451933662367744	2427997882	Fri Oct 23 12:32:10 IST 2015	this b so good
112	2
657415367724171264	403255314	Fri Oct 23 10:06:52 IST 2015	This album is for you ! Hope you love it as much as I do . ? ?
657415542454681600	399965419	Fri Oct 23 00:37:34 IST 2015	its beautiful
113	2
657415367724171264	403255314	Fri Oct 23 10:06:52 IST 2015	This album is for you ! Hope you love it as much as I do . ? ?
657415555935113216	2877551045	Fri Oct 23 10:07:37 IST 2015	IM 110% SURE I LOVE THIS ALBUM MORE THAN YOU DO , SORRY CALUM
114	2
657415367724171264	403255314	Fri Oct 23 10:06:52 IST 2015	This album is for you ! Hope you love it as much as I do . ? ?
657415636080029698	514944019	Fri Oct 23 10:07:56 IST 2015	I'm very infatuated with you and with the album Cal
115	2
657415367724171264	403255314	Fri Oct 23 10:06:52 IST 2015	This album is for you ! Hope you love it as much as I do . ? ?
657415468697784320	1383483558	Fri Oct 23 10:07:16 IST 2015	I love the album more than I love puppies
116	2
657415367724171264	403255314	Fri Oct 23 10:06:52 IST 2015	This album is for you ! Hope you love it as much as I do . ? ?
657415488855801856	472896043	Fri Oct 23 10:07:21 IST 2015	IT'S MORE THAN I COULD'VE ASKED FOR SRSLY ??
117	5
652543863454756864	1194248466	Fri Oct 09 23:29:15 IST 2015	So stop asking
653657503746535425	3236523361	Tue Oct 13 01:14:27 IST 2015	MEAN ASS !! ?
653658006559678464	1194248466	Tue Oct 13 01:16:27 IST 2015	lmao !!! It's annoying
653658598472462336	3236523361	Tue Oct 13 01:18:48 IST 2015	ikr ! ?? I forgot to text you back too !
653658712322670592	1194248466	Mon Oct 12 15:49:16 IST 2015	???????? yea I know
118	2
652543805200056320	1194248466	Fri Oct 09 23:29:01 IST 2015	I don't want to listen to anybody's songs
653657465163116544	3236523361	Tue Oct 13 01:14:18 IST 2015	mean ass ! ???
119	2
648641693303054336	372518230	Tue Sep 29 05:03:25 IST 2015	Well I've finally downloaded Spotify bc I didn't know there was a free version until yesterday
648665711506800645	3289621283	Tue Sep 29 06:38:51 IST 2015	you're welcome
120	3
646364759927980032	274723034	Tue Sep 22 22:15:42 IST 2015	Never forget
646473672656580608	3289621283	Wed Sep 23 05:28:29 IST 2015	oh Kim . ?? what a lovely day that wa
646863789099511808	274723034	Thu Sep 24 07:18:40 IST 2015	lovely indeed ?
121	3
654256188742311936	82238069	Wed Oct 14 16:53:25 IST 2015	Happy Fall ??????????
654264504692408320	116852929	Wed Oct 14 17:26:28 IST 2015	lovely ~ good morning ??
654384540576821249	1593224094	Thu Oct 15 01:23:27 IST 2015	. ?? ???? ~ WedsHUGS??????
122	4
629790414204055552	407428752	Sat Aug 08 04:35:10 IST 2015	Hello world it is me Brian Andrew Scott Furda reporting from my house I am so hungry that I'm kind of dizzy thank you bye
629795550947373056	3289621283	Sat Aug 08 04:55:35 IST 2015	two middle names ? How exotic
629795638180364288	407428752	Sat Aug 08 04:55:55 IST 2015	yeah , I grew them myself thank you
629796378282168320	3289621283	Sat Aug 08 04:58:52 IST 2015	I think that makes you an etymologist Why are you still in school
123	3
642896905555456000	3236523361	Sun Sep 13 08:35:41 IST 2015	had so much fun at homecoming with my baby ?
642911817157611521	1194248466	Sun Sep 13 09:34:56 IST 2015	where the pictures at tho ? ?
642912391362048000	3236523361	Sun Sep 13 09:37:13 IST 2015	imma post em later ! Text me too Lil girl !
124	3
654060183677747200	1593224094	Wed Oct 14 03:54:34 IST 2015	Thanks to my top interactors ! #tweetjukebox via
654281895346348032	1355921712	Wed Oct 14 18:35:34 IST 2015	?? ? ??Good Mornin Soulshine??? So Very Sweet Of You ... Have An Amazin Day ! ??? Y'all AvA Blessed 1
654384195473682432	1593224094	Thu Oct 15 01:22:04 IST 2015	. ?? ~ Happy & Peaceful Wednesday Friends??????
125	4
654217174379311104	1593224094	Wed Oct 14 14:18:23 IST 2015	Thanks to my top interactors ! #tweetjukebox via
654320120022614016	403659920	Wed Oct 14 21:07:27 IST 2015	(__) s ! To a great Wednesday !
654383788118679552	1593224094	Thu Oct 15 01:20:27 IST 2015	. ~ Happy Wednesday All????????
654387971412635648	403659920	Wed Oct 14 16:07:04 IST 2015	Cheers !
126	5
642768451455442948	1194248466	Sun Sep 13 00:05:15 IST 2015	Awwwwwweeee !!!! header ! So cute ?
642768945829687296	3236523361	Sun Sep 13 00:07:13 IST 2015	awww ! Thank you best friend ! Love you ?
642778242420637696	1194248466	Sun Sep 13 00:44:09 IST 2015	you're welcome and love you too ??
642778799348674560	3236523361	Sun Sep 13 00:46:22 IST 2015	and RayShawn says thank you too ! ?
642779135803174912	1194248466	Sat Sep 12 15:17:42 IST 2015	lmao ! ??Tell em I said no proble
127	4
632712609616146433	2405213544	Sun Aug 16 06:06:56 IST 2015	This nigga is annoying af
636027608421920768	3236523361	Tue Aug 25 09:39:33 IST 2015	WHO ??!!!
636312329274044417	2405213544	Wed Aug 26 04:30:56 IST 2015	Nosey ass
636345031251496960	3236523361	Wed Aug 26 06:40:52 IST 2015	NIGGA U BETTER TELL ME ???
128	3
654379495626022913	2581108396	Thu Oct 15 01:03:24 IST 2015	Good Night Peoples???? ? ???
654380098569793536	2581108396	Thu Oct 15 01:05:47 IST 2015	zz?????? ?
654383039343161344	1593224094	Thu Oct 15 01:17:29 IST 2015	?? HUG
129	2
654379495626022913	2581108396	Thu Oct 15 01:03:24 IST 2015	Good Night Peoples???? ? ???
654380012846587904	247567909	Wed Oct 14 15:35:27 IST 2015	?ful ?? Chri
130	13
656047289744515072	308987912	Mon Oct 19 15:30:37 IST 2015	do i get a reward out of this : --- ((((
656048384768274433	2910915931	Mon Oct 19 15:34:58 IST 2015	Bigyan ng jacket yan
656048913116327936	308987912	Mon Oct 19 15:37:04 IST 2015	thank u !!!!! that means so much to me ugh
656049409638031360	2910915931	Mon Oct 19 15:39:02 IST 2015	Ahaha go joycie
656049704279523328	308987912	Mon Oct 19 15:40:12 IST 2015	miss you !!!!!! i miss our little band huhuhuhu
656050295512825856	2910915931	Mon Oct 19 15:42:33 IST 2015	miss you too and everyone . ahaha same . Anyways keep rocking . ahaha
656051184927531008	308987912	Mon Oct 19 15:46:05 IST 2015	help a friend , she’s currently broke bc she has no money . um hey there friend ?? ?? yoko n
656052225664389120	2910915931	Mon Oct 19 15:50:14 IST 2015	ha
656052495668506626	308987912	Mon Oct 19 15:51:18 IST 2015	help me i have no money HAHAHAAHHAHAHAHAHAHAHAHAHA wtf
656052996682346496	2910915931	Mon Oct 19 15:53:17 IST 2015	ganito , bigyan mo ko 1000 para mabigyan kita ng Php 900.00 . Tadaa nakatulong ako . ( y )
656053299288772608	308987912	Mon Oct 19 15:54:30 IST 2015	kumupit ka pa . iba to ?
656413540014657536	2910915931	Tue Oct 20 15:45:58 IST 2015	para saan ? ahaha $$
656417694279856128	308987912	Tue Oct 20 16:02:28 IST 2015	ang alin ? omg
131	2
658365886332542977	4029332740	Mon Oct 26 01:03:53 IST 2015	How do you find actual people on here like that talk to you ? Lol
658370167848706049	1731425108	Mon Oct 26 01:20:54 IST 2015	Pure luck?
132	4
654325187161288704	247567909	Wed Oct 14 21:27:36 IST 2015	midday #blues break ??
654382217716756480	1593224094	Thu Oct 15 01:14:13 IST 2015	. ??????Very Nice?? ~ HUGSAll??????
654463206463787008	77520397	Wed Oct 14 21:06:02 IST 2015	
654465630490525696	247567909	Wed Oct 14 21:15:40 IST 2015	nice one Rusty !
133	2
653997686748790784	31427215	Tue Oct 13 23:46:13 IST 2015	A Greene Co . Commissioner wants the confederate flag flying outside this courthouse . Do you think it should be flown ?
654094238720892928	1593224094	Wed Oct 14 06:09:53 IST 2015	. ~ No , it should not be flown over any government building .
134	5
656028411249299456	308987912	Mon Oct 19 14:15:36 IST 2015	someone please be my album launch buddy on Oct 25 hey friends hi hello r u there
656190522105556992	2475373939	Tue Oct 20 00:59:46 IST 2015	me me me me
656346791533637632	308987912	Tue Oct 20 11:20:44 IST 2015	omg where are u frommmmmm
656349369583599617	2475373939	Tue Oct 20 11:30:58 IST 2015	rizal !! hbu ? have u preordered yet ? :)
656351669039427588	308987912	Tue Oct 20 11:40:06 IST 2015	me too !! tara !! not yet but soon : -- )
135	2
653652847716868096	109335353	Tue Oct 13 00:55:57 IST 2015	Explore the full #moodboard for our Williamsburg Warehouse #kitchen : #ColorTrends2016
654075499979894784	1593224094	Wed Oct 14 04:55:25 IST 2015	thanks for sharing Kohler Co ., have a great Tuesday :) ( insight by )
136	5
657607296143503360	2901436764	Fri Oct 23 22:49:31 IST 2015	Chill Vibe
657970141410566144	574937210	Sat Oct 24 22:51:20 IST 2015	Some people complained there was too much violence when Bugs Bunny put dynamite in Elmer Fudd's cigar .
657989333736030208	1731425108	Sun Oct 25 00:07:36 IST 2015	I loved Bugs Bunny . ?
657990953236627456	574937210	Sun Oct 25 00:14:02 IST 2015	Some of the old Warner Bros cartoons were ingeniously funny . They had soul & imagination . There's nothing like them now .
658047975860666368	1731425108	Sun Oct 25 04:00:38 IST 2015	It is a lost art form .
137	2
656077172092878849	403245020	Mon Oct 19 17:29:21 IST 2015	Talking about founds good seals good
656077543745818624	308987912	Mon Oct 19 17:30:50 IST 2015	you are weird you know that . ok maybe i am too
138	2
656077172092878849	403245020	Mon Oct 19 17:29:21 IST 2015	Talking about founds good seals good
656077308957184000	3306267401	Mon Oct 19 17:29:54 IST 2015	Seals yep that's right sounds good seals good
139	2
656077172092878849	403245020	Mon Oct 19 17:29:21 IST 2015	Talking about founds good seals good
656077627132944384	866774072	Mon Oct 19 17:31:10 IST 2015	CAN'T WAIT TO SEE YOU IN ITALY
140	2
656077172092878849	403245020	Mon Oct 19 17:29:21 IST 2015	Talking about founds good seals good
656077623936884736	1402795633	Mon Oct 19 17:31:09 IST 2015	that sounds like an envelope company
141	2
656077172092878849	403245020	Mon Oct 19 17:29:21 IST 2015	Talking about founds good seals good
656086239884529664	1459648369	Mon Oct 19 18:05:23 IST 2015	Luke
142	2
656077172092878849	403245020	Mon Oct 19 17:29:21 IST 2015	Talking about founds good seals good
656077438355709957	1583888803	Mon Oct 19 17:30:25 IST 2015	i literally hate you ?
143	2
656077172092878849	403245020	Mon Oct 19 17:29:21 IST 2015	Talking about founds good seals good
656077362199699461	1583888803	Mon Oct 19 17:30:07 IST 2015	YASSS FOUNDS
144	2
656077172092878849	403245020	Mon Oct 19 17:29:21 IST 2015	Talking about founds good seals good
656137851210371072	3225638070	Mon Oct 19 21:30:28 IST 2015	Sarcasm everywhere
145	2
656077172092878849	403245020	Mon Oct 19 17:29:21 IST 2015	Talking about founds good seals good
656080932567457792	615394003	Mon Oct 19 17:44:18 IST 2015	You don't even know your álbum's name hahaha :)
146	2
656077172092878849	403245020	Mon Oct 19 17:29:21 IST 2015	Talking about founds good seals good
656114110254329856	2797214347	Mon Oct 19 19:56:08 IST 2015	seals good
147	2
656077172092878849	403245020	Mon Oct 19 17:29:21 IST 2015	Talking about founds good seals good
656077359607484416	280374127	Mon Oct 19 17:30:06 IST 2015	you're seeing my tweets on your timeline , don't worry management will explain everything soon xx
148	2
656077172092878849	403245020	Mon Oct 19 17:29:21 IST 2015	Talking about founds good seals good
656077396077125632	3308347938	Mon Oct 19 08:00:15 IST 2015	its ok i get confused too
149	2
656077172092878849	403245020	Mon Oct 19 17:29:21 IST 2015	Talking about founds good seals good
656077322236260352	399965419	Mon Oct 19 07:59:57 IST 2015	youre so funny i just cant contain my laughter
150	2
656077172092878849	403245020	Mon Oct 19 17:29:21 IST 2015	Talking about founds good seals good
656077344063418368	1383483558	Mon Oct 19 17:30:02 IST 2015	hey luke ! How are you today man ? :-) x
151	2
656077172092878849	403245020	Mon Oct 19 17:29:21 IST 2015	Talking about founds good seals good
656077276694511616	1383483558	Mon Oct 19 17:29:46 IST 2015	my favourite type of seal
152	2
656063397969199105	403255314	Mon Oct 19 16:34:37 IST 2015	All this promo is taking a toll . #SGFG
656063757882290176	308987912	Mon Oct 19 16:36:03 IST 2015	i still love you . only you can pull off something like that * coughs * sorry
153	2
656063397969199105	403255314	Mon Oct 19 16:34:37 IST 2015	All this promo is taking a toll . #SGFG
656063576042577920	3306267401	Mon Oct 19 16:35:20 IST 2015	same here
154	2
656063397969199105	403255314	Mon Oct 19 16:34:37 IST 2015	All this promo is taking a toll . #SGFG
656063608674254848	2291535182	Mon Oct 19 16:35:28 IST 2015	you ruined my holiday im stressed out
155	2
656063397969199105	403255314	Mon Oct 19 16:34:37 IST 2015	All this promo is taking a toll . #SGFG
656064461732753408	547767285	Mon Oct 19 16:38:51 IST 2015	granddaddy is that u
156	2
656063397969199105	403255314	Mon Oct 19 16:34:37 IST 2015	All this promo is taking a toll . #SGFG
656063581406916608	968040649	Mon Oct 19 16:35:21 IST 2015	oh gosh
157	2
656063397969199105	403255314	Mon Oct 19 16:34:37 IST 2015	All this promo is taking a toll . #SGFG
656064086413877248	1428883231	Mon Oct 19 16:37:21 IST 2015	5 seconds of retirement live
158	2
656063397969199105	403255314	Mon Oct 19 16:34:37 IST 2015	All this promo is taking a toll . #SGFG
656064035369197569	1428883231	Mon Oct 19 16:37:09 IST 2015	dog walking really weathered down this retiree
159	2
656063397969199105	403255314	Mon Oct 19 16:34:37 IST 2015	All this promo is taking a toll . #SGFG
656063976355295234	1428883231	Mon Oct 19 16:36:55 IST 2015	did you retire from cal's dog walking yet ?
160	2
656063397969199105	403255314	Mon Oct 19 16:34:37 IST 2015	All this promo is taking a toll . #SGFG
656064386080051200	774383156	Mon Oct 19 16:38:33 IST 2015	IM ACTUALLY LAUGJING SO HARD
161	2
656063397969199105	403255314	Mon Oct 19 16:34:37 IST 2015	All this promo is taking a toll . #SGFG
656063903248478208	3306822739	Mon Oct 19 16:36:38 IST 2015	omfg ?? to me you will always be perfec
162	2
656063397969199105	403255314	Mon Oct 19 16:34:37 IST 2015	All this promo is taking a toll . #SGFG
663128639328776192	2778246438	Sun Nov 08 04:29:22 IST 2015	HOW HAVE I NEVER SEEN THIS HAHAHAHA
163	2
656063397969199105	403255314	Mon Oct 19 16:34:37 IST 2015	All this promo is taking a toll . #SGFG
656063612914528256	399965419	Mon Oct 19 07:05:29 IST 2015	well that scared me a bit when i opened the notification
164	2
656058083869880320	264107729	Mon Oct 19 16:13:30 IST 2015	We are traveling to so many new and epic places on the " Sounds live Feels Live tour 2016 " > are we coming to you ? - ash xx
656058342285029376	308987912	Mon Oct 19 16:14:32 IST 2015	yeah you are but shit happens , and i won’t be able to go so u better be coming back
165	2
656058083869880320	264107729	Mon Oct 19 16:13:30 IST 2015	We are traveling to so many new and epic places on the " Sounds live Feels Live tour 2016 " > are we coming to you ? - ash xx
656058345380450305	1425245526	Mon Oct 19 16:14:33 IST 2015	YESSSS SINGAPORE
166	2
656058083869880320	264107729	Mon Oct 19 16:13:30 IST 2015	We are traveling to so many new and epic places on the " Sounds live Feels Live tour 2016 " > are we coming to you ? - ash xx
656207333408817152	3124981153	Tue Oct 20 02:06:34 IST 2015	NO ASH , #PORTUGALWANTS5SOSBACK !!!
167	2
656058083869880320	264107729	Mon Oct 19 16:13:30 IST 2015	We are traveling to so many new and epic places on the " Sounds live Feels Live tour 2016 " > are we coming to you ? - ash xx
656058284785475588	2291535182	Mon Oct 19 16:14:18 IST 2015	YASS
168	2
656058083869880320	264107729	Mon Oct 19 16:13:30 IST 2015	We are traveling to so many new and epic places on the " Sounds live Feels Live tour 2016 " > are we coming to you ? - ash xx
656060171819483136	1263080162	Mon Oct 19 16:21:48 IST 2015	Yes , Ash ! Still can't believe you will come to Jakarta , Indonesia soon ! xxx It's a really beautiful city !
169	2
656058083869880320	264107729	Mon Oct 19 16:13:30 IST 2015	We are traveling to so many new and epic places on the " Sounds live Feels Live tour 2016 " > are we coming to you ? - ash xx
656084610217046016	1917235584	Mon Oct 19 17:58:55 IST 2015	NO , BECAUSE YOU WON'T COME TO PORTUGAL
170	2
656058083869880320	264107729	Mon Oct 19 16:13:30 IST 2015	We are traveling to so many new and epic places on the " Sounds live Feels Live tour 2016 " > are we coming to you ? - ash xx
656063596175208452	2408123117	Mon Oct 19 16:35:25 IST 2015	See ya soon ! So exited ! #SoundsLiveFeelsLive
171	4
656058083869880320	264107729	Mon Oct 19 16:13:30 IST 2015	We are traveling to so many new and epic places on the " Sounds live Feels Live tour 2016 " > are we coming to you ? - ash xx
656102105539846144	2700806706	Mon Oct 19 19:08:26 IST 2015	nah :-)
656102267297378305	2700806706	Mon Oct 19 19:09:04 IST 2015	but I'll try to come to you
656102310117031936	2700806706	Mon Oct 19 19:09:15 IST 2015	... again
172	2
656058083869880320	264107729	Mon Oct 19 16:13:30 IST 2015	We are traveling to so many new and epic places on the " Sounds live Feels Live tour 2016 " > are we coming to you ? - ash xx
656058350686359552	1393030250	Mon Oct 19 16:14:34 IST 2015	no???? come to Chile please ????
173	2
656058083869880320	264107729	Mon Oct 19 16:13:30 IST 2015	We are traveling to so many new and epic places on the " Sounds live Feels Live tour 2016 " > are we coming to you ? - ash xx
656058322001489920	1604497735	Mon Oct 19 16:14:27 IST 2015	yes and I'm so excited cus I couldn't go to rowyso and I literally cried for three days !!!
174	2
656058083869880320	264107729	Mon Oct 19 16:13:30 IST 2015	We are traveling to so many new and epic places on the " Sounds live Feels Live tour 2016 " > are we coming to you ? - ash xx
656232052220563456	3123890803	Tue Oct 20 03:44:48 IST 2015	YAS I CANT WAIT
175	2
656058083869880320	264107729	Mon Oct 19 16:13:30 IST 2015	We are traveling to so many new and epic places on the " Sounds live Feels Live tour 2016 " > are we coming to you ? - ash xx
656059876200861696	1583888803	Mon Oct 19 16:20:38 IST 2015	yessss msg
176	2
656058083869880320	264107729	Mon Oct 19 16:13:30 IST 2015	We are traveling to so many new and epic places on the " Sounds live Feels Live tour 2016 " > are we coming to you ? - ash xx
656137949168443392	2364161287	Mon Oct 19 21:30:52 IST 2015	YOU GUYS ARE FINALLY COMING TO VISIT ME IN CINCINNATI !! ?
177	2
656058083869880320	264107729	Mon Oct 19 16:13:30 IST 2015	We are traveling to so many new and epic places on the " Sounds live Feels Live tour 2016 " > are we coming to you ? - ash xx
656061169006833664	2959838144	Mon Oct 19 16:25:46 IST 2015	YESSS U GUYS are COMING TO SINGAPORE ???
178	2
656058083869880320	264107729	Mon Oct 19 16:13:30 IST 2015	We are traveling to so many new and epic places on the " Sounds live Feels Live tour 2016 " > are we coming to you ? - ash xx
656058241558925312	2300074745	Mon Oct 19 16:14:08 IST 2015	yes you are I might actually be able to go
179	2
656058083869880320	264107729	Mon Oct 19 16:13:30 IST 2015	We are traveling to so many new and epic places on the " Sounds live Feels Live tour 2016 " > are we coming to you ? - ash xx
656060500829151232	422920570	Mon Oct 19 16:23:07 IST 2015	you are actually
180	2
656058083869880320	264107729	Mon Oct 19 16:13:30 IST 2015	We are traveling to so many new and epic places on the " Sounds live Feels Live tour 2016 " > are we coming to you ? - ash xx
656187613510942720	2934734020	Tue Oct 20 00:48:13 IST 2015	i don't know , are you coming to puerto rico ?
181	2
656058083869880320	264107729	Mon Oct 19 16:13:30 IST 2015	We are traveling to so many new and epic places on the " Sounds live Feels Live tour 2016 " > are we coming to you ? - ash xx
656058844620173312	2912513097	Mon Oct 19 16:16:32 IST 2015	YES GERMANY BUT ITS NOT SURE FOR ME TO COME AHHH
182	2
656058083869880320	264107729	Mon Oct 19 16:13:30 IST 2015	We are traveling to so many new and epic places on the " Sounds live Feels Live tour 2016 " > are we coming to you ? - ash xx
656100876625530880	2892033022	Mon Oct 19 09:33:33 IST 2015	yes but I don't have money ??????
183	2
656058083869880320	264107729	Mon Oct 19 16:13:30 IST 2015	We are traveling to so many new and epic places on the " Sounds live Feels Live tour 2016 " > are we coming to you ? - ash xx
656128517546057728	1605084240	Mon Oct 19 20:53:23 IST 2015	salty
184	2
656058083869880320	264107729	Mon Oct 19 16:13:30 IST 2015	We are traveling to so many new and epic places on the " Sounds live Feels Live tour 2016 " > are we coming to you ? - ash xx
656128499569307648	1605084240	Mon Oct 19 20:53:19 IST 2015	yeah I have to go to a different state like what the heck you came to Indiana and Kentucky this year like hmmm are we not good enough
185	2
656058083869880320	264107729	Mon Oct 19 16:13:30 IST 2015	We are traveling to so many new and epic places on the " Sounds live Feels Live tour 2016 " > are we coming to you ? - ash xx
656084128970870784	3227732221	Mon Oct 19 17:57:00 IST 2015	no because you're not coming to Winnipeg ! :( AND WHY DOES CALUM KEEP WEARING A WINNIPEG SWEATER ?!
186	2
656058083869880320	264107729	Mon Oct 19 16:13:30 IST 2015	We are traveling to so many new and epic places on the " Sounds live Feels Live tour 2016 " > are we coming to you ? - ash xx
656058722742063104	2935596549	Mon Oct 19 06:46:03 IST 2015	Ireland ???
187	2
656058083869880320	264107729	Mon Oct 19 16:13:30 IST 2015	We are traveling to so many new and epic places on the " Sounds live Feels Live tour 2016 " > are we coming to you ? - ash xx
656058301835161600	1516615237	Mon Oct 19 16:14:22 IST 2015	YES FINLAND
188	2
656058083869880320	264107729	Mon Oct 19 16:13:30 IST 2015	We are traveling to so many new and epic places on the " Sounds live Feels Live tour 2016 " > are we coming to you ? - ash xx
656073988339322880	711838098	Mon Oct 19 17:16:42 IST 2015	I hope so
189	2
656058083869880320	264107729	Mon Oct 19 16:13:30 IST 2015	We are traveling to so many new and epic places on the " Sounds live Feels Live tour 2016 " > are we coming to you ? - ash xx
656128064091521024	2161474864	Mon Oct 19 11:21:35 IST 2015	yES YOURE COMING TO MY HOMETOWN FOR THE FIRST TIME EVER
190	3
656058083869880320	264107729	Mon Oct 19 16:13:30 IST 2015	We are traveling to so many new and epic places on the " Sounds live Feels Live tour 2016 " > are we coming to you ? - ash xx
656058351055302657	763525898	Mon Oct 19 16:14:34 IST 2015	I don’t even know if I have a chance to see you guys , my mum won’t let me :(
656058640483270656	3306822739	Mon Oct 19 16:15:43 IST 2015	Lol I can't afford it and no way my parents would let me
191	2
656058083869880320	264107729	Mon Oct 19 16:13:30 IST 2015	We are traveling to so many new and epic places on the " Sounds live Feels Live tour 2016 " > are we coming to you ? - ash xx
656066383365722113	970077942	Mon Oct 19 16:46:29 IST 2015	I'm afraid you aren't , no , but as of always I travel to you guys so s'all good ???
192	2
656058083869880320	264107729	Mon Oct 19 16:13:30 IST 2015	We are traveling to so many new and epic places on the " Sounds live Feels Live tour 2016 " > are we coming to you ? - ash xx
656071848770281473	1140334375	Mon Oct 19 17:08:12 IST 2015	maybe you come to Leipzig ? ?
193	2
656058083869880320	264107729	Mon Oct 19 16:13:30 IST 2015	We are traveling to so many new and epic places on the " Sounds live Feels Live tour 2016 " > are we coming to you ? - ash xx
656066895045488640	2883428010	Mon Oct 19 07:18:31 IST 2015	no :( we need you in India
194	11
656058083869880320	264107729	Mon Oct 19 16:13:30 IST 2015	We are traveling to so many new and epic places on the " Sounds live Feels Live tour 2016 " > are we coming to you ? - ash xx
656058203856203776	399965419	Mon Oct 19 06:43:59 IST 2015	not yeeeetty
656058290586058752	399965419	Mon Oct 19 06:44:20 IST 2015	ignore the y
656059635875491840	408827305	Mon Oct 19 06:49:40 IST 2015	yetti
656062455060148224	399965419	Mon Oct 19 07:00:52 IST 2015	hEY
656063085300445184	408827305	Mon Oct 19 07:03:23 IST 2015	
656063692413374464	399965419	Mon Oct 19 07:05:48 IST 2015	stuff yOu
656064203355111424	408827305	Mon Oct 19 07:07:49 IST 2015	
656064780113809408	399965419	Mon Oct 19 07:10:07 IST 2015	art- does that word make you feel great
656066222086205440	408827305	Mon Oct 19 07:15:51 IST 2015	HEY
656066601733652480	399965419	Mon Oct 19 07:17:21 IST 2015	thats what you gET
195	2
656058083869880320	264107729	Mon Oct 19 16:13:30 IST 2015	We are traveling to so many new and epic places on the " Sounds live Feels Live tour 2016 " > are we coming to you ? - ash xx
656100671020662784	2997496906	Mon Oct 19 09:32:44 IST 2015	BANGLADESH ?
196	2
656058083869880320	264107729	Mon Oct 19 16:13:30 IST 2015	We are traveling to so many new and epic places on the " Sounds live Feels Live tour 2016 " > are we coming to you ? - ash xx
656060598686380032	1383483558	Mon Oct 19 16:23:30 IST 2015	IDK YOU HAVENT RELEASED AUS DATES
197	2
656055159487860737	403255314	Mon Oct 19 16:01:53 IST 2015	I guess you're just what I needed
656057018432643072	308987912	Mon Oct 19 16:09:16 IST 2015	is this another song lyric or what
198	2
656055159487860737	403255314	Mon Oct 19 16:01:53 IST 2015	I guess you're just what I needed
656055234075209728	2291535182	Mon Oct 19 16:02:11 IST 2015	i sure am
199	2
656055159487860737	403255314	Mon Oct 19 16:01:53 IST 2015	I guess you're just what I needed
656055766973976576	1263080162	Mon Oct 19 16:04:18 IST 2015	Sure I am . Gosh , Calum , you just notice ?
200	2
656055159487860737	403255314	Mon Oct 19 16:01:53 IST 2015	I guess you're just what I needed
656103608769978368	2700806706	Mon Oct 19 19:14:24 IST 2015	i like it
201	2
656055159487860737	403255314	Mon Oct 19 16:01:53 IST 2015	I guess you're just what I needed
656055637537857536	1583888803	Mon Oct 19 16:03:47 IST 2015	same
202	2
656055159487860737	403255314	Mon Oct 19 16:01:53 IST 2015	I guess you're just what I needed
656141630924173312	3225638070	Mon Oct 19 21:45:29 IST 2015	you miss me ... i know ... * you even know me * * cry *
203	2
656055159487860737	403255314	Mon Oct 19 16:01:53 IST 2015	I guess you're just what I needed
656110793403056129	1589538924	Mon Oct 19 19:42:57 IST 2015	yeah i guess i am
204	2
656055159487860737	403255314	Mon Oct 19 16:01:53 IST 2015	I guess you're just what I needed
656749929172303872	1958077885	Wed Oct 21 14:02:39 IST 2015	Oh Im flattered ! ? ?
205	2
656055159487860737	403255314	Mon Oct 19 16:01:53 IST 2015	I guess you're just what I needed
656062729732550656	3062330876	Mon Oct 19 16:31:58 IST 2015	i know <3 love you cal
206	3
656055159487860737	403255314	Mon Oct 19 16:01:53 IST 2015	I guess you're just what I needed
656086372030152704	61614705	Mon Oct 19 18:05:55 IST 2015	i am ?
656087199947984896	61614705	Mon Oct 19 18:09:12 IST 2015	i wished you would answer this XD
207	2
656055159487860737	403255314	Mon Oct 19 16:01:53 IST 2015	I guess you're just what I needed
656228615680491520	2778246438	Tue Oct 20 03:31:08 IST 2015	bitch this better be about me
208	2
656055159487860737	403255314	Mon Oct 19 16:01:53 IST 2015	I guess you're just what I needed
656055233265569792	427155126	Mon Oct 19 16:02:11 IST 2015	what if i'm not
209	2
656055159487860737	403255314	Mon Oct 19 16:01:53 IST 2015	I guess you're just what I needed
656066747024343041	2883428010	Mon Oct 19 07:17:56 IST 2015	the feeling is mutual calum
210	2
656055159487860737	403255314	Mon Oct 19 16:01:53 IST 2015	I guess you're just what I needed
656105364606160896	2573805662	Mon Oct 19 19:21:23 IST 2015	thanks m8
211	2
656055159487860737	403255314	Mon Oct 19 16:01:53 IST 2015	I guess you're just what I needed
656055419844997120	1943646439	Mon Oct 19 16:02:55 IST 2015	are you referring to a cup of coffee ?
212	2
656055159487860737	403255314	Mon Oct 19 16:01:53 IST 2015	I guess you're just what I needed
656055257538019328	1383483558	Mon Oct 19 16:02:16 IST 2015	cal how are you today ? :-) x
213	2
656055159487860737	403255314	Mon Oct 19 16:01:53 IST 2015	I guess you're just what I needed
656055238235811841	906025999	Mon Oct 19 16:02:12 IST 2015	babe
214	2
656053824860237825	2150648707	Mon Oct 19 15:56:35 IST 2015	* whispers * slfl day 2 * whispers * lmao not enough $$$ * whispers * itatakwil na ko ni mama lolol
656054270173667328	308987912	Mon Oct 19 15:58:21 IST 2015	hi !! u going to attend ??
215	5
653997758005805056	2581108396	Tue Oct 13 23:46:30 IST 2015	Evening Sky ... Good Night Peoples???? ? ???
653998416587059200	2581108396	Tue Oct 13 23:49:07 IST 2015	zzz??GN???? ?
654000624116346880	1455972565	Tue Oct 13 23:57:54 IST 2015	GN ??
654002033733840896	2581108396	Wed Oct 14 00:03:30 IST 2015	TY Becca????
654007105108733952	1593224094	Wed Oct 14 00:23:39 IST 2015	. ~ ??Sweet Dreams & Good Morrow , Brother??????
216	3
653662975467892736	1593224094	Tue Oct 13 01:36:12 IST 2015	Thanks to my top interactors ! #tweetjukebox via
653836714398625792	2454569591	Tue Oct 13 13:06:35 IST 2015	???????????
654006052153884672	1593224094	Wed Oct 14 00:19:28 IST 2015	. ?? ~ BigHUGS Y'all ??????
217	2
656037941051977729	308987912	Mon Oct 19 14:53:28 IST 2015	im doing this totally amazing job , where i message my family abt the prices for the concert and saying ‘ pass it on for good luck ’
656038184732651520	308987912	Mon Oct 19 14:54:26 IST 2015	spread awareness and help a loved one
218	3
653725124437409792	1593224094	Tue Oct 13 05:43:09 IST 2015	Thanks to my top interactors ! #tweetjukebox via
653729939158536193	17046698	Tue Oct 13 06:02:17 IST 2015	NFA
654005597621342208	1593224094	Wed Oct 14 00:17:39 IST 2015	. ??OMSN???? ~ Kids need the Gr8ful Medicine??????
219	2
657480768298553344	382003203	Fri Oct 23 14:26:45 IST 2015	As a person shows character , love , humanity & commonsense He also has a book out ..
657484725624242176	1731425108	Fri Oct 23 14:42:28 IST 2015	Thank you??
220	3
656601919700520960	1731425108	Wed Oct 21 04:14:31 IST 2015	????SANTA CLAUS VAMPYRE SLAYER??A THRILLING NEW ADDITION TO THE HOLIDAY LITERATURE CANON????KIRKUS REVIEWS??ONSALENOW????
656800995821883393	2711436085	Wed Oct 21 17:25:34 IST 2015	#genius
656831715424518144	1731425108	Wed Oct 21 19:27:38 IST 2015	Thanks??
221	13
652471419327119361	2581108396	Fri Oct 09 18:41:23 IST 2015	Hey Peoples have a Grate Weekend???? ? ???hugs hugs hugs??????
652471995834191872	2581108396	Fri Oct 09 18:43:40 IST 2015	Rockin ' Weekend ???? ? ???????
652475514372886528	2868409888	Fri Oct 09 18:57:39 IST 2015	
652476560361058308	2198075035	Fri Oct 09 19:01:49 IST 2015	TY Enjoy the weekend
652477046443102209	2868409888	Fri Oct 09 19:03:44 IST 2015	
652478741373956096	269519610	Fri Oct 09 19:10:29 IST 2015	?
653328062499684353	2176718449	Mon Oct 12 03:25:23 IST 2015	Cutie
653358013978439680	1593224094	Mon Oct 12 05:24:23 IST 2015	. ?? ~ Sunday HUGS???
653358713605070849	2643157180	Mon Oct 12 05:27:10 IST 2015	??Sunday Hugs??
653533588412084224	2176718449	Mon Oct 12 17:02:04 IST 2015	Hugs to all !!! ?
653535264615346176	1593224094	Mon Oct 12 17:08:43 IST 2015	. ?? ~ ??GM HUGS??????
653596676402343936	269519610	Mon Oct 12 21:12:45 IST 2015	Grateful? ? ????
653605063492018176	1593224094	Mon Oct 12 21:46:05 IST 2015	?? ~ ??Shine Your Beautiful LoveLight ? ? All Over??????
222	2
655171053451419648	2193285991	Sat Oct 17 05:28:46 IST 2015	Everything is so exciting and fascinating . Good work !
655720866471387136	1731425108	Sun Oct 18 17:53:31 IST 2015	Glad you enjoyed it??
223	4
652479086636441600	15235948	Fri Oct 09 19:11:51 IST 2015	Wondering which #probiotics go in the fridge and which ones are fine on the shelf ? Use this guide ! #digestion
653528487488299008	25977864	Mon Oct 12 16:41:48 IST 2015	- I use Raw Probiotics & refrigerate but wonder if product maintains integrity during shipping & transport ?
653530745097555969	15235948	Mon Oct 12 16:50:46 IST 2015	Yes ! It is shipped chilled on ice with our Arrive Alive policy !
653532246763290625	1593224094	Mon Oct 12 16:56:44 IST 2015	. ~ Excellence , as always from #GOL ??????
224	3
653520066206670848	2868409888	Mon Oct 12 16:08:20 IST 2015	Good morning Twitter ! #LifeChangingImpact
653521568384086016	2868409888	Mon Oct 12 16:14:18 IST 2015	Thank you for making a difference for me via your RT ! ???? May it #AddValue to all who see it ! ??
653523510736891904	1593224094	Mon Oct 12 16:22:01 IST 2015	. ~ ??Back ' atcha ??????Enjoy a Marvelous Monday??????
225	5
655334242960871425	1731425108	Sat Oct 17 16:17:13 IST 2015	??THE CHRISTMAS STORY SCAREY ENOUGH FOR HALLOWEEN??SANTA CLAUS VAMPYRE SLAYER????PRINT/NOOK/KINDLE??TRICK OR TREAT??BOO??
655420904642510848	3410727081	Sat Oct 17 22:01:35 IST 2015	it had to be done . :)
655437260221980672	1731425108	Sat Oct 17 23:06:34 IST 2015	Yes indeed ! And it's free on Kindle Unlimited??
655437636950056961	3410727081	Sat Oct 17 23:08:04 IST 2015	lol . I have one christmas book ahead on my KU . It statys full . I will check this one out though .
655720119629426689	1731425108	Sun Oct 18 17:50:33 IST 2015	Thanks ! Let me know if you do & leave a review??
226	3
653459378566246400	2581108396	Mon Oct 12 12:07:11 IST 2015	Good Morning Peoples ..... Look Like Rain ..... Again???? ? ???
653459855336960000	2581108396	Mon Oct 12 12:09:04 IST 2015	GM???? ?
653461356545490944	1593224094	Mon Oct 12 12:15:02 IST 2015	HUGS?
227	4
653459378566246400	2581108396	Mon Oct 12 12:07:11 IST 2015	Good Morning Peoples ..... Look Like Rain ..... Again???? ? ???
653607022676549632	103343370	Mon Oct 12 12:23:52 IST 2015	happy Monday ! ????????
653614183083192321	3284995818	Mon Oct 12 12:52:19 IST 2015	special ly good friends
653614507953160192	247567909	Mon Oct 12 12:53:36 IST 2015	?? Paul g'day!
228	4
653459378566246400	2581108396	Mon Oct 12 12:07:11 IST 2015	Good Morning Peoples ..... Look Like Rain ..... Again???? ? ???
653509456429453312	247567909	Mon Oct 12 05:56:10 IST 2015	good morning and great day to you and all !
653583418027020288	2581108396	Mon Oct 12 10:50:04 IST 2015	Thanks Bri .. Hope you are having aGrateful Day???? ? ?
653595312393687040	247567909	Mon Oct 12 11:37:20 IST 2015	you bet ! Indian Summer goin on down here today??
229	2
653378108557512704	1534303334	Mon Oct 12 06:44:14 IST 2015	Thanks for being top engaged community members this week :) ( insight by )
653378658598547456	1593224094	Mon Oct 12 06:46:26 IST 2015	. ~ HUGS Y'all?? ??????
230	3
653283596879400961	1593224094	Mon Oct 12 00:28:41 IST 2015	Thanks to my top interactors ! #tweetjukebox via
653287631615356928	18324046	Mon Oct 12 00:44:43 IST 2015	Happy Sunday
653377844517675008	1593224094	Mon Oct 12 06:43:11 IST 2015	. ???? ~ Easy Sunday Evening Y'all ?????
231	3
653283596879400961	1593224094	Mon Oct 12 00:28:41 IST 2015	Thanks to my top interactors ! #tweetjukebox via
653287631615356928	18324046	Mon Oct 12 00:44:43 IST 2015	Happy Sunday
653357749917630468	1593224094	Mon Oct 12 05:23:21 IST 2015	. ?? ~ Happy Sunday HUGS???
232	3
655424870004592642	1510233180	Sat Oct 17 22:17:20 IST 2015	#romance #gothic #books #kindle Bloodpledge US : UK :
655428423330861056	2531207756	Sat Oct 17 22:31:28 IST 2015	Goodmorning . .
655436867383463936	1731425108	Sat Oct 17 23:05:01 IST 2015	Good morning ! ?
233	3
655143700163641344	2193285991	Sat Oct 17 03:40:04 IST 2015	The name Rob Fasone is a good name and connected with good work .
655156167358832640	1325933624	Sat Oct 17 04:29:37 IST 2015	~ Yes I agree . And I have this book and it's a great read ! Very hard not to read it all the way through ! #GoodBook
655350853465804800	1731425108	Sat Oct 17 17:23:13 IST 2015	Thank you very much . I'm humbled that you both so enjoyed my little holiday tale of horror . ??????
234	3
655143700163641344	2193285991	Sat Oct 17 03:40:04 IST 2015	The name Rob Fasone is a good name and connected with good work .
655156167358832640	1325933624	Sat Oct 17 04:29:37 IST 2015	~ Yes I agree . And I have this book and it's a great read ! Very hard not to read it all the way through ! #GoodBook
655172281946218496	2193285991	Sat Oct 17 05:33:39 IST 2015	Thank you ! ??
235	2
628808789114888192	591975237	Wed Aug 05 11:34:32 IST 2015	Dear Bangladesh , if you are still pissed for that ‘ No-Ball ’ issue . That’s ok ! But Banning Bollywood ? Not cool ! #RemoveBollywoodBan
628814082922057728	2893948638	Wed Aug 05 11:55:34 IST 2015	#RemoveBollywoodBan I think they've lost it .
236	6
653130821189115904	2581108396	Sun Oct 11 14:21:37 IST 2015	Happy Sunday Peoples???? ? ???
653131378234671104	2581108396	Sun Oct 11 14:23:49 IST 2015	Happy Sunday???? ? ???
653209319102644224	2957796680	Sun Oct 11 19:33:32 IST 2015	prayers my way , sick
653232833553657858	2581108396	Sun Oct 11 21:06:58 IST 2015	
653242544579457024	842433392	Sun Oct 11 21:45:33 IST 2015	
653377430627987456	1593224094	Mon Oct 12 06:41:33 IST 2015	?? ??Gr8ful??
237	4
653130821189115904	2581108396	Sun Oct 11 14:21:37 IST 2015	Happy Sunday Peoples???? ? ???
653131378234671104	2581108396	Sun Oct 11 14:23:49 IST 2015	Happy Sunday???? ? ???
653209319102644224	2957796680	Sun Oct 11 19:33:32 IST 2015	prayers my way , sick
653218686992523265	1593224094	Sun Oct 11 20:10:45 IST 2015	. ~ ?????? ? ???????????Bright Blessings & Peaceful Sunday , Sister??????
